{"cameraMode":{"drawMode":0,"name":"Shaded","section":"Shading Mode"},"sceneLighting":true,"audioPlay":false,"sceneViewState":{"m_AlwaysRefresh":false,"showFog":false,"showSkybox":false,"showFlares":true,"showImageEffects":true,"showParticleSystems":true,"showVisualEffectGraphs":true,"m_FxEnabled":true},"in2DMode":false,"pivot":{"x":0.042446136474609378,"y":2.3863730430603029,"z":-3.8554227352142336},"rotation":{"x":-0.6778906583786011,"y":-0.003976939246058464,"z":0.0036629256792366506,"w":-0.7351500988006592},"size":15.633464813232422,"orthographic":false}