{"cameraMode":{"drawMode":0,"name":"Shaded","section":"Shading Mode"},"sceneLighting":true,"audioPlay":false,"sceneViewState":{"m_AlwaysRefresh":false,"showFog":false,"showSkybox":false,"showFlares":true,"showImageEffects":true,"showParticleSystems":true,"showVisualEffectGraphs":true,"m_FxEnabled":true},"in2DMode":false,"pivot":{"x":1.3554065227508546,"y":1.5157527923583985,"z":-6.376445770263672},"rotation":{"x":0.31163057684898379,"y":0.18601040542125703,"z":-0.06232170760631561,"w":0.9297633767127991},"size":7.535985946655273,"orthographic":false}