{"cameraMode":{"drawMode":0,"name":"Shaded","section":"Shading Mode"},"sceneLighting":true,"audioPlay":false,"sceneViewState":{"m_AlwaysRefresh":false,"showFog":false,"showSkybox":false,"showFlares":true,"showImageEffects":true,"showParticleSystems":true,"showVisualEffectGraphs":true,"m_FxEnabled":true},"in2DMode":false,"pivot":{"x":-0.7510132789611816,"y":3.553487777709961,"z":0.6658401489257813},"rotation":{"x":0.2706323266029358,"y":0.16736984252929688,"z":-0.04782288148999214,"w":0.9468449950218201},"size":0.8660253882408142,"orthographic":false}